[{"id":1,"icon":"https://robohash.org/quaeratquismaxime.png?size=50x50&set=set1","firstName":"Petronille","lastName":"Belin","designation":"VP Product Management","insuranceBalance":1050.43,"rbtProgress":81},
{"id":2,"icon":"https://robohash.org/suntveritatisaspernatur.png?size=50x50&set=set1","firstName":"Gabriellia","lastName":"Orwin","designation":"Professor","insuranceBalance":590.69,"rbtProgress":50},
{"id":3,"icon":"https://robohash.org/auttemporibusnesciunt.png?size=50x50&set=set1","firstName":"Sawyer","lastName":"Wicher","designation":"Registered Nurse","insuranceBalance":4345.03,"rbtProgress":46},
{"id":4,"icon":"https://robohash.org/doloreconsequaturvoluptas.png?size=50x50&set=set1","firstName":"Yorker","lastName":"Gerhardt","designation":"Help Desk Technician","insuranceBalance":2298.12,"rbtProgress":86},
{"id":5,"icon":"https://robohash.org/illovoluptatumsit.png?size=50x50&set=set1","firstName":"Norene","lastName":"Pactat","designation":"Legal Assistant","insuranceBalance":3291.25,"rbtProgress":92},
{"id":6,"icon":"https://robohash.org/dictaaliasad.png?size=50x50&set=set1","firstName":"Laney","lastName":"Boot","designation":"General Manager","insuranceBalance":791.18,"rbtProgress":78},
{"id":7,"icon":"https://robohash.org/hicaminima.png?size=50x50&set=set1","firstName":"Alfie","lastName":"Hurworth","designation":"Staff Scientist","insuranceBalance":802.13,"rbtProgress":24},
{"id":8,"icon":"https://robohash.org/perspiciatisetmaxime.png?size=50x50&set=set1","firstName":"Mathe","lastName":"Culverhouse","designation":"Dental Hygienist","insuranceBalance":3821.13,"rbtProgress":95},
{"id":9,"icon":"https://robohash.org/facilisnamfugiat.png?size=50x50&set=set1","firstName":"Sheilakathryn","lastName":"Groucutt","designation":"Cost Accountant","insuranceBalance":3420.71,"rbtProgress":1},
{"id":10,"icon":"https://robohash.org/totaminventoreaut.png?size=50x50&set=set1","firstName":"Russell","lastName":"Reeders","designation":"Software Consultant","insuranceBalance":284.43,"rbtProgress":57},
{"id":11,"icon":"https://robohash.org/illoinharum.png?size=50x50&set=set1","firstName":"Ganny","lastName":"Dubois","designation":"Systems Administrator IV","insuranceBalance":2666.93,"rbtProgress":75},
{"id":12,"icon":"https://robohash.org/modinontempora.png?size=50x50&set=set1","firstName":"Lorene","lastName":"Richel","designation":"Tax Accountant","insuranceBalance":1540.66,"rbtProgress":22},
{"id":13,"icon":"https://robohash.org/accusantiumreiciendisneque.png?size=50x50&set=set1","firstName":"Jennie","lastName":"Sommerly","designation":"VP Sales","insuranceBalance":2057.93,"rbtProgress":61},
{"id":14,"icon":"https://robohash.org/minuseavelit.png?size=50x50&set=set1","firstName":"Lazare","lastName":"Odlin","designation":"Teacher","insuranceBalance":3277.3,"rbtProgress":29},
{"id":15,"icon":"https://robohash.org/sintvoluptatesest.png?size=50x50&set=set1","firstName":"Fiorenze","lastName":"Lighton","designation":"Senior Financial Analyst","insuranceBalance":3158.86,"rbtProgress":5},
{"id":16,"icon":"https://robohash.org/omnisidest.png?size=50x50&set=set1","firstName":"Ingrim","lastName":"Filson","designation":"Business Systems Development Analyst","insuranceBalance":3816.21,"rbtProgress":6},
{"id":17,"icon":"https://robohash.org/pariaturpraesentiumet.png?size=50x50&set=set1","firstName":"Bryanty","lastName":"Ocheltree","designation":"Administrative Assistant III","insuranceBalance":2883.03,"rbtProgress":51},
{"id":18,"icon":"https://robohash.org/sintautautem.png?size=50x50&set=set1","firstName":"Ottilie","lastName":"Bendelow","designation":"Information Systems Manager","insuranceBalance":3910.62,"rbtProgress":74},
{"id":19,"icon":"https://robohash.org/molestiaequiaea.png?size=50x50&set=set1","firstName":"Howard","lastName":"Stranaghan","designation":"Operator","insuranceBalance":1186.71,"rbtProgress":76},
{"id":20,"icon":"https://robohash.org/autquilaborum.png?size=50x50&set=set1","firstName":"Alvira","lastName":"Brennan","designation":"Clinical Specialist","insuranceBalance":3407.18,"rbtProgress":62},
{"id":21,"icon":"https://robohash.org/nullaatquefuga.png?size=50x50&set=set1","firstName":"Amabelle","lastName":"Bartell","designation":"Help Desk Operator","insuranceBalance":982.17,"rbtProgress":68},
{"id":22,"icon":"https://robohash.org/quaeratconsequaturmaxime.png?size=50x50&set=set1","firstName":"Claudetta","lastName":"Andrivot","designation":"Assistant Professor","insuranceBalance":822.42,"rbtProgress":42},
{"id":23,"icon":"https://robohash.org/enimexplicaboveritatis.png?size=50x50&set=set1","firstName":"Angy","lastName":"Skerrett","designation":"Account Coordinator","insuranceBalance":3288.0,"rbtProgress":25},
{"id":24,"icon":"https://robohash.org/earumaut.png?size=50x50&set=set1","firstName":"Callida","lastName":"Van Ross","designation":"Operator","insuranceBalance":4676.06,"rbtProgress":76},
{"id":25,"icon":"https://robohash.org/culpaidducimus.png?size=50x50&set=set1","firstName":"Ivan","lastName":"Cargo","designation":"Senior Developer","insuranceBalance":3145.23,"rbtProgress":80},
{"id":26,"icon":"https://robohash.org/dictaexplicaboneque.png?size=50x50&set=set1","firstName":"Sigismondo","lastName":"Sculpher","designation":"Internal Auditor","insuranceBalance":2529.0,"rbtProgress":75},
{"id":27,"icon":"https://robohash.org/omnispraesentiummollitia.png?size=50x50&set=set1","firstName":"Ozzy","lastName":"Layfield","designation":"Electrical Engineer","insuranceBalance":1414.08,"rbtProgress":39},
{"id":28,"icon":"https://robohash.org/veritatisducimusipsam.png?size=50x50&set=set1","firstName":"Simone","lastName":"Clementucci","designation":"Desktop Support Technician","insuranceBalance":2900.15,"rbtProgress":99},
{"id":29,"icon":"https://robohash.org/quieterror.png?size=50x50&set=set1","firstName":"Blaire","lastName":"Duffield","designation":"Environmental Specialist","insuranceBalance":2507.22,"rbtProgress":2},
{"id":30,"icon":"https://robohash.org/debitisquiaperferendis.png?size=50x50&set=set1","firstName":"Carlotta","lastName":"Balthasar","designation":"Business Systems Development Analyst","insuranceBalance":117.82,"rbtProgress":15},
{"id":31,"icon":"https://robohash.org/officianonipsam.png?size=50x50&set=set1","firstName":"Chere","lastName":"Munnings","designation":"Staff Scientist","insuranceBalance":1052.84,"rbtProgress":18},
{"id":32,"icon":"https://robohash.org/voluptatumimpeditmodi.png?size=50x50&set=set1","firstName":"Elfie","lastName":"Magauran","designation":"Community Outreach Specialist","insuranceBalance":4059.69,"rbtProgress":0},
{"id":33,"icon":"https://robohash.org/ametquiquisquam.png?size=50x50&set=set1","firstName":"Roland","lastName":"De Lascy","designation":"Analog Circuit Design manager","insuranceBalance":3884.75,"rbtProgress":46},
{"id":34,"icon":"https://robohash.org/iuremodisuscipit.png?size=50x50&set=set1","firstName":"Jenine","lastName":"Warsop","designation":"Senior Financial Analyst","insuranceBalance":833.53,"rbtProgress":30},
{"id":35,"icon":"https://robohash.org/idquaeratfugiat.png?size=50x50&set=set1","firstName":"Stephanus","lastName":"Heyworth","designation":"Editor","insuranceBalance":1335.54,"rbtProgress":43},
{"id":36,"icon":"https://robohash.org/repudiandaenamaut.png?size=50x50&set=set1","firstName":"Elmer","lastName":"Cathrae","designation":"Senior Editor","insuranceBalance":4805.83,"rbtProgress":71},
{"id":37,"icon":"https://robohash.org/doloresvoluptatemquos.png?size=50x50&set=set1","firstName":"Aldo","lastName":"Petford","designation":"Paralegal","insuranceBalance":3484.66,"rbtProgress":55},
{"id":38,"icon":"https://robohash.org/saepequisautem.png?size=50x50&set=set1","firstName":"Winni","lastName":"Jasik","designation":"Web Developer IV","insuranceBalance":3866.55,"rbtProgress":98},
{"id":39,"icon":"https://robohash.org/autemquidemvoluptatibus.png?size=50x50&set=set1","firstName":"Caren","lastName":"Berzen","designation":"Analyst Programmer","insuranceBalance":1332.3,"rbtProgress":62},
{"id":40,"icon":"https://robohash.org/sintiuredeleniti.png?size=50x50&set=set1","firstName":"Frederik","lastName":"Ethridge","designation":"Staff Scientist","insuranceBalance":2402.28,"rbtProgress":49},
{"id":41,"icon":"https://robohash.org/autemquasiharum.png?size=50x50&set=set1","firstName":"Sada","lastName":"Sumpter","designation":"VP Sales","insuranceBalance":1145.41,"rbtProgress":69},
{"id":42,"icon":"https://robohash.org/aliasdelenitidolor.png?size=50x50&set=set1","firstName":"Sherlocke","lastName":"Torns","designation":"Speech Pathologist","insuranceBalance":4398.37,"rbtProgress":30},
{"id":43,"icon":"https://robohash.org/quasipsamprovident.png?size=50x50&set=set1","firstName":"Loutitia","lastName":"Cuckoo","designation":"Social Worker","insuranceBalance":1950.23,"rbtProgress":32},
{"id":44,"icon":"https://robohash.org/voluptatumcupiditateut.png?size=50x50&set=set1","firstName":"Alley","lastName":"Wigfield","designation":"Project Manager","insuranceBalance":443.74,"rbtProgress":61},
{"id":45,"icon":"https://robohash.org/doloremdolordoloribus.png?size=50x50&set=set1","firstName":"Giacopo","lastName":"Seivertsen","designation":"Web Designer IV","insuranceBalance":4878.23,"rbtProgress":13},
{"id":46,"icon":"https://robohash.org/perferendisiustovoluptatem.png?size=50x50&set=set1","firstName":"Stanfield","lastName":"Tadd","designation":"Statistician III","insuranceBalance":262.57,"rbtProgress":59},
{"id":47,"icon":"https://robohash.org/commodiincidunteaque.png?size=50x50&set=set1","firstName":"Gladi","lastName":"Chomley","designation":"Chemical Engineer","insuranceBalance":3285.68,"rbtProgress":45},
{"id":48,"icon":"https://robohash.org/consequunturexpeditaoccaecati.png?size=50x50&set=set1","firstName":"Consuelo","lastName":"Doxsey","designation":"General Manager","insuranceBalance":4566.47,"rbtProgress":70},
{"id":49,"icon":"https://robohash.org/facereveritatisdeleniti.png?size=50x50&set=set1","firstName":"Melisandra","lastName":"Dyer","designation":"Marketing Assistant","insuranceBalance":2500.64,"rbtProgress":41},
{"id":50,"icon":"https://robohash.org/velitanimiid.png?size=50x50&set=set1","firstName":"Jewel","lastName":"Lissandri","designation":"Editor","insuranceBalance":2887.97,"rbtProgress":53},
{"id":51,"icon":"https://robohash.org/laudantiumvoluptatesmolestias.png?size=50x50&set=set1","firstName":"Tove","lastName":"Farans","designation":"Editor","insuranceBalance":4079.09,"rbtProgress":30},
{"id":52,"icon":"https://robohash.org/etatquefugit.png?size=50x50&set=set1","firstName":"Fawnia","lastName":"Gealy","designation":"Marketing Assistant","insuranceBalance":3069.6,"rbtProgress":13},
{"id":53,"icon":"https://robohash.org/repellendusquidemdolor.png?size=50x50&set=set1","firstName":"Kristy","lastName":"Monk","designation":"Software Engineer II","insuranceBalance":2865.46,"rbtProgress":32},
{"id":54,"icon":"https://robohash.org/voluptatemquiet.png?size=50x50&set=set1","firstName":"Tobye","lastName":"Backes","designation":"Social Worker","insuranceBalance":1896.71,"rbtProgress":52},
{"id":55,"icon":"https://robohash.org/idconsectetursunt.png?size=50x50&set=set1","firstName":"Fredrika","lastName":"Brownbridge","designation":"Chemical Engineer","insuranceBalance":1293.09,"rbtProgress":63},
{"id":56,"icon":"https://robohash.org/repudiandaeanimimaiores.png?size=50x50&set=set1","firstName":"Traver","lastName":"Poynser","designation":"Statistician IV","insuranceBalance":2751.25,"rbtProgress":31},
{"id":57,"icon":"https://robohash.org/sintesseet.png?size=50x50&set=set1","firstName":"Gus","lastName":"Fidell","designation":"Senior Quality Engineer","insuranceBalance":3219.4,"rbtProgress":76},
{"id":58,"icon":"https://robohash.org/fugalaboriosamquod.png?size=50x50&set=set1","firstName":"Leodora","lastName":"Dumbreck","designation":"Staff Scientist","insuranceBalance":3262.85,"rbtProgress":13},
{"id":59,"icon":"https://robohash.org/undeaccusantiumvoluptatibus.png?size=50x50&set=set1","firstName":"Glen","lastName":"Aireton","designation":"Marketing Manager","insuranceBalance":3273.07,"rbtProgress":20},
{"id":60,"icon":"https://robohash.org/undedoloribusinventore.png?size=50x50&set=set1","firstName":"Rodina","lastName":"Pallesen","designation":"Staff Accountant III","insuranceBalance":4611.83,"rbtProgress":98},
{"id":61,"icon":"https://robohash.org/quianumquamut.png?size=50x50&set=set1","firstName":"Payton","lastName":"McCarlie","designation":"Mechanical Systems Engineer","insuranceBalance":3181.99,"rbtProgress":30},
{"id":62,"icon":"https://robohash.org/voluptatemauttotam.png?size=50x50&set=set1","firstName":"Cynde","lastName":"Curwen","designation":"Health Coach IV","insuranceBalance":3400.23,"rbtProgress":10},
{"id":63,"icon":"https://robohash.org/maximevoluptasquod.png?size=50x50&set=set1","firstName":"Carney","lastName":"Fozzard","designation":"Nuclear Power Engineer","insuranceBalance":2462.38,"rbtProgress":12},
{"id":64,"icon":"https://robohash.org/delenitivelaut.png?size=50x50&set=set1","firstName":"Lew","lastName":"Lawey","designation":"Speech Pathologist","insuranceBalance":844.16,"rbtProgress":87},
{"id":65,"icon":"https://robohash.org/doloresuntaperiam.png?size=50x50&set=set1","firstName":"Gustav","lastName":"Torbet","designation":"Product Engineer","insuranceBalance":3273.0,"rbtProgress":22},
{"id":66,"icon":"https://robohash.org/remsuscipitut.png?size=50x50&set=set1","firstName":"Ardella","lastName":"Androck","designation":"Speech Pathologist","insuranceBalance":3020.08,"rbtProgress":91},
{"id":67,"icon":"https://robohash.org/erroraliquidat.png?size=50x50&set=set1","firstName":"Ruthe","lastName":"Millthorpe","designation":"Desktop Support Technician","insuranceBalance":200.02,"rbtProgress":22},
{"id":68,"icon":"https://robohash.org/ipsamaccusantiummaiores.png?size=50x50&set=set1","firstName":"Alexandros","lastName":"Lister","designation":"GIS Technical Architect","insuranceBalance":2187.98,"rbtProgress":64},
{"id":69,"icon":"https://robohash.org/inmollitiaet.png?size=50x50&set=set1","firstName":"Katheryn","lastName":"Lindback","designation":"Nuclear Power Engineer","insuranceBalance":2770.82,"rbtProgress":61},
{"id":70,"icon":"https://robohash.org/sunteta.png?size=50x50&set=set1","firstName":"Kesley","lastName":"Abramov","designation":"Safety Technician III","insuranceBalance":3990.47,"rbtProgress":69},
{"id":71,"icon":"https://robohash.org/consequunturinipsa.png?size=50x50&set=set1","firstName":"Jermaine","lastName":"Zaczek","designation":"VP Quality Control","insuranceBalance":1171.76,"rbtProgress":62},
{"id":72,"icon":"https://robohash.org/repellenduslaudantiumvoluptatem.png?size=50x50&set=set1","firstName":"Hersh","lastName":"MacGeaney","designation":"Accountant IV","insuranceBalance":3504.27,"rbtProgress":86},
{"id":73,"icon":"https://robohash.org/porrodolorumpariatur.png?size=50x50&set=set1","firstName":"Humberto","lastName":"Vennart","designation":"Desktop Support Technician","insuranceBalance":2794.13,"rbtProgress":68},
{"id":74,"icon":"https://robohash.org/nonmagniut.png?size=50x50&set=set1","firstName":"Cora","lastName":"Stapforth","designation":"Quality Engineer","insuranceBalance":2340.06,"rbtProgress":3},
{"id":75,"icon":"https://robohash.org/doloribusadoptio.png?size=50x50&set=set1","firstName":"Simonette","lastName":"McGeagh","designation":"Chief Design Engineer","insuranceBalance":2863.45,"rbtProgress":4},
{"id":76,"icon":"https://robohash.org/perferendiscupiditateamet.png?size=50x50&set=set1","firstName":"Berkeley","lastName":"Thirkettle","designation":"Chief Design Engineer","insuranceBalance":899.55,"rbtProgress":11},
{"id":77,"icon":"https://robohash.org/fugaeaquenobis.png?size=50x50&set=set1","firstName":"Kirsten","lastName":"Queenborough","designation":"Cost Accountant","insuranceBalance":3209.72,"rbtProgress":99},
{"id":78,"icon":"https://robohash.org/aliquidautatque.png?size=50x50&set=set1","firstName":"Ardine","lastName":"Tapper","designation":"Pharmacist","insuranceBalance":1360.26,"rbtProgress":17},
{"id":79,"icon":"https://robohash.org/architectoeosaut.png?size=50x50&set=set1","firstName":"Abigail","lastName":"Farrin","designation":"Nurse Practicioner","insuranceBalance":3706.04,"rbtProgress":20},
{"id":80,"icon":"https://robohash.org/quiaestipsam.png?size=50x50&set=set1","firstName":"Lauree","lastName":"Worssam","designation":"Physical Therapy Assistant","insuranceBalance":2261.91,"rbtProgress":79},
{"id":81,"icon":"https://robohash.org/accusamusrerumet.png?size=50x50&set=set1","firstName":"Clareta","lastName":"Orrobin","designation":"Programmer Analyst III","insuranceBalance":3370.43,"rbtProgress":63},
{"id":82,"icon":"https://robohash.org/nonetodio.png?size=50x50&set=set1","firstName":"Karen","lastName":"Adnett","designation":"GIS Technical Architect","insuranceBalance":323.82,"rbtProgress":11},
{"id":83,"icon":"https://robohash.org/autemblanditiisasperiores.png?size=50x50&set=set1","firstName":"Jess","lastName":"Haveline","designation":"Programmer Analyst I","insuranceBalance":3441.36,"rbtProgress":76},
{"id":84,"icon":"https://robohash.org/doloriustoharum.png?size=50x50&set=set1","firstName":"Ricki","lastName":"Tortis","designation":"Desktop Support Technician","insuranceBalance":164.97,"rbtProgress":26},
{"id":85,"icon":"https://robohash.org/suscipitetarchitecto.png?size=50x50&set=set1","firstName":"Kelsi","lastName":"Mackstead","designation":"Community Outreach Specialist","insuranceBalance":792.88,"rbtProgress":41},
{"id":86,"icon":"https://robohash.org/ipsamquamut.png?size=50x50&set=set1","firstName":"Yul","lastName":"Martinec","designation":"Analyst Programmer","insuranceBalance":3743.06,"rbtProgress":28},
{"id":87,"icon":"https://robohash.org/architectoperferendisex.png?size=50x50&set=set1","firstName":"Mufinella","lastName":"Glisane","designation":"Senior Sales Associate","insuranceBalance":1210.34,"rbtProgress":20},
{"id":88,"icon":"https://robohash.org/quiaducimusut.png?size=50x50&set=set1","firstName":"Joane","lastName":"Phlipon","designation":"Dental Hygienist","insuranceBalance":776.55,"rbtProgress":84},
{"id":89,"icon":"https://robohash.org/reprehenderitautlaboriosam.png?size=50x50&set=set1","firstName":"Wenona","lastName":"Branford","designation":"Human Resources Assistant III","insuranceBalance":4796.78,"rbtProgress":29},
{"id":90,"icon":"https://robohash.org/rationeundedebitis.png?size=50x50&set=set1","firstName":"Arnie","lastName":"Johl","designation":"Civil Engineer","insuranceBalance":1729.55,"rbtProgress":99},
{"id":91,"icon":"https://robohash.org/voluptatemblanditiisquia.png?size=50x50&set=set1","firstName":"Karola","lastName":"Blasoni","designation":"Product Engineer","insuranceBalance":2343.83,"rbtProgress":33},
{"id":92,"icon":"https://robohash.org/accusamusreruminventore.png?size=50x50&set=set1","firstName":"Lila","lastName":"McCathie","designation":"Design Engineer","insuranceBalance":1566.03,"rbtProgress":51},
{"id":93,"icon":"https://robohash.org/possimusiddicta.png?size=50x50&set=set1","firstName":"Danna","lastName":"Tooting","designation":"Senior Cost Accountant","insuranceBalance":1239.37,"rbtProgress":27},
{"id":94,"icon":"https://robohash.org/quoveniamnobis.png?size=50x50&set=set1","firstName":"Winnah","lastName":"Nutley","designation":"Senior Developer","insuranceBalance":3584.61,"rbtProgress":18},
{"id":95,"icon":"https://robohash.org/atmodivoluptatem.png?size=50x50&set=set1","firstName":"Grove","lastName":"Desbrow","designation":"Biostatistician I","insuranceBalance":4285.27,"rbtProgress":59},
{"id":96,"icon":"https://robohash.org/officiiseumut.png?size=50x50&set=set1","firstName":"Catrina","lastName":"Myers","designation":"Environmental Specialist","insuranceBalance":3461.46,"rbtProgress":88},
{"id":97,"icon":"https://robohash.org/eosoptioet.png?size=50x50&set=set1","firstName":"Fannie","lastName":"Hinchcliffe","designation":"Business Systems Development Analyst","insuranceBalance":2389.94,"rbtProgress":76},
{"id":98,"icon":"https://robohash.org/corporisconsequunturfuga.png?size=50x50&set=set1","firstName":"Cobb","lastName":"Rosiello","designation":"Accountant II","insuranceBalance":1444.02,"rbtProgress":79},
{"id":99,"icon":"https://robohash.org/aperiamvoluptasnesciunt.png?size=50x50&set=set1","firstName":"Albina","lastName":"Elvy","designation":"Environmental Tech","insuranceBalance":712.97,"rbtProgress":54},
{"id":100,"icon":"https://robohash.org/sedaccusamusvitae.png?size=50x50&set=set1","firstName":"Gizela","lastName":"Perch","designation":"Senior Financial Analyst","insuranceBalance":4961.14,"rbtProgress":74}]