<?xml version="1.0" encoding="UTF-8"?>

<beans xmlns="http://www.springframework.org/schema/beans"
       xmlns:xsi="http://www.w3.org/2001/XMLSchema-instance"
       xmlns:context="http://www.springframework.org/schema/context"
       xsi:schemaLocation="
        http://www.springframework.org/schema/beans http://www.springframework.org/schema/beans/spring-beans.xsd">


    <bean id="employeeRepository" class="com.dilani.training.salesmanager.repository.HibernateEmployeeRepositoryImpl"/>

    <bean name="employeeService" class="com.dilani.training.salesmanager.service.EmployeeServiceImpl"
          autowire="constructor">
        <!--        <property name="employeeRepository" ref="employeeRepository"></property>-->
        <!--        <constructor-arg index="0" ref="employeeRepository"></constructor-arg>-->
    </bean>


</beans>

        <!--
        <context:annotation-config/>
        <context:component-scan base-package="com.dilani"/>-->